<modification>

	<name>ApiShip mod</name>
	<code>ApiShip mod</code>
	<version>0.3(OpenCart 3.x)</version>
	<author>ApiShip</author>
	<link>https://apiship.ru</link>

	<file path="catalog/view/theme/*/template/checkout/simplecheckout_shipping.twig">

		<operation>
			<search><![CDATA[<div class="checkout__first-step">]]></search>
			<add position="before" ><![CDATA[

			<!-- apiship start -->
				<script type="text/javascript" src="catalog/view/javascript/apiship.js?v={{ shipping_apiship_version_js_mod }}"></script>
				<link rel="stylesheet" href="catalog/view/javascript/apiship.css?v={{ shipping_apiship_version_js_mod }}" type="text/css" />


				<script type="text/javascript">

                function get_last_tracing_id() {
                    
                    $.ajax({
						url: '{{ shipping_apiship_get_last_tracing_id_url }}',
						
						success: function(id) {
							console.log(id)	
						},

					});
                }

				function apiship_prepare_ref(is_select) {
					if (is_select)
					    return '<a class="apiship_points" href="#" onclick="apiship_open($(this));return false;"> {{ shipping_apiship_select_point }}</a>';
					else
					    return '<a class="apiship_points" href="#" onclick="apiship_open($(this));return false;"> {{ shipping_apiship_change_point }}</a>';
					
				}
				
				function get_image_ref(provider) {
	                return "<img class='apiship_img_providers' style='width:60px;' src='https://storage.apiship.ru/icons/providers/svg/"+ provider +".svg'> ";
	            }
	            
				function show_icons() {
					const providers = {{ shipping_apiship_providers_keys }}

                    providers.forEach(provider => {
                        var el = `input:not([type=hidden]):not([value*='error'])[value*="_${provider}_"]`;
                    
                        for(var i=0; i<document.querySelectorAll(el).length; i++) {
                            el2 = get_image_ref(provider)
    	                    apishipInsertImage(el, i, el2)
                        }
                        
                        el = `input:not([type=hidden])[value*='error'][value*="_${provider}_"]`;
                    
                        for(var i=0; i<document.querySelectorAll(el).length; i++) {
                            if ({{shipping_apiship_group_points}})
                                el2 = "<img class='apiship_img_providers' style='width:60px;' src='catalog/view/theme/default/image/shipping/apiship_map.png'>"
                            else    
    	                        el2 = get_image_ref(provider)
    	                    
							apishipInsertImage(el, i, el2)
                        }
                    });	
                    
				}
				
				$(document).ready(function(){
				    el_select = apiship_prepare_ref(true);
				    el_change = apiship_prepare_ref(false);
				    
					el = 'input:not([type=hidden])[value^="apiship"][value*="point"][value*="error"]';
					for(var i=0; i<document.querySelectorAll(el).length; i++) {
	                    text = document.querySelectorAll(el)[i].nextSibling.textContent;
                        text = text.replace('-', '{{shipping_apiship_title_from}}');
                        document.querySelectorAll(el)[i].nextSibling.textContent = text;
                    }
					
					apishipInsertLink(el_select, el_change)

					if ({{ shipping_apiship_icon_show }})					
                        show_icons();
					
                    get_last_tracing_id();

				});



				function apiship_open(el) {
                    code = apishipGetCode(el)

					$.ajax({
					    url: '{{ shipping_apiship_get_points_url }}',
					    type: 'post',
					    dataType: 'json',
					    data: {'code':code},
					    beforeSend: function() {
							apishipInsertLoader(code)
 					    },
					    complete: function() {
                   			$(".apiship_loading").remove();
 					    },
					    success: function(data_points) {
					        if (data_points['error']=='no_error') {
    						    apiship.open(apiship_function, data_points['points'], code)	
						        return
    					    }

					        if (data_points['error']=='no_products') {
						        window.location.reload();
						        return
					        }

					        if (data_points['error']=='no_city') {
						        window.location.reload();
						        return
					        }

						    alert(data_points['error']);
					    },
					    error: function(xhr, ajaxOptions, thrownError) {
						    alert(thrownError + "\r\n" + xhr.statusText + "\r\n" + xhr.responseText);
					    }

					});
	
				}

				function apiship_function(result, code){	
			            $.ajax({
							url: '{{ shipping_apiship_set_point_url }}',
							type: 'post',
							data: {shipping_apiship_point:result},
							dataType: 'json',
							success: function(data) {
							    $(".apiship_loading").remove();
								if (typeof data.error === 'undefined')
								{	
        
									$("input[value='" + code + "']").val(data.code);

									
									if ($("input[value='" + data.code + "']").attr("checked") == "checked")
									{
		                                          	if (typeof simplecheckout_reload !== "undefined") {
		                                            		simplecheckout_reload("shipping");
		                                          	} else if (typeof reloadAll !== "undefined") {
		                                            		reloadAll();
		                                          	}
									}
									else
										$("input[value='" + data.code + "']").click();
									
                            
								}
								else
									alert(data.error);
							}
 						});
					
                       }



			</script>
			<!-- apiship end -->

			
			]]></add>
		</operation>
	</file>
  

</modification>