<modification>

	<name>ApiShip unishop mod</name>
	<code>ApiShip unishop mod</code>
	<version>1.0 (OpenCart 3.x)</version>
	<author>ApiShip</author>
	<link>https://apiship.ru</link>

  
	<file path="catalog/controller/checkout/uni_checkout.php">
		<operation error="skip">
			<search><![CDATA[if($this->cart->hasShipping()) {]]></search>
			<add position="before"><![CDATA[  

				// apiship start
				$this->load->language('extension/shipping/apiship');
				$data['shipping_apiship_set_point_url'] = $this->url->link('extension/shipping/apiship/set_point', '', 'SSL'); 
				$data['shipping_apiship_get_points_url'] = $this->url->link('extension/shipping/apiship/get_points', '', 'SSL'); 
				$data['shipping_apiship_change_point'] = $this->language->get('shipping_apiship_change_point');
				$data['shipping_apiship_select_point'] = $this->language->get('shipping_apiship_select_point');
                		$data['shipping_apiship_title_from'] = $this->language->get('shipping_apiship_title_from');

                		$data['shipping_apiship_get_last_tracing_id_url'] = $this->url->link('extension/shipping/apiship/get_last_tracing_id', '', 'SSL');
				$data['shipping_apiship_version_js_mod'] = ($this->config->get('shipping_apiship_version_js_mod') !== null)?$this->config->get('shipping_apiship_version_js_mod'):'0.5';

                		$data['shipping_apiship_icon_show'] = $this->config->get('shipping_apiship_icon_show') ? 'true' : 'false'; 

				$this->load->model('extension/shipping/apiship');
				$providers = $this->model_extension_shipping_apiship->get_providers();
			      $data['shipping_apiship_providers_keys'] = json_encode(array_keys($providers));
			      $data['shipping_apiship_group_points'] = $this->config->get('shipping_apiship_group_points') ? 'true' : 'false';
			      $data['shipping_apiship_yandex_api_key'] = $this->config->get('shipping_apiship_yandex_api_key');

				$code = $data['code'];

				if ((strpos($code, 'apiship')!==false) && (strpos($code, 'error')!==false))
				{
					 	$data['error_warning']     = $this->language->get('shipping_apiship_error_select_point');
				}

				// apiship end

			]]></add>
		</operation>
		<operation error="skip">
			<search><![CDATA[if (!$json) {]]></search>
			<add position="before"><![CDATA[  

			// apiship start
			if ($this->cart->hasProducts() && $this->cart->hasShipping() && $validate_address) {
				if (isset($this->request->post['shipping_method'])) {
					$code = $this->request->post['shipping_method'];
					$this->load->language('extension/shipping/apiship');
					if ((strpos($code, 'apiship')!==false) && (strpos($code, 'error')!==false))
					{
						$json['error']['warning'] = $this->language->get('shipping_apiship_error_select_point');
					}
				}
			}
			// apiship end

			]]></add>
		</operation>
	</file>
  
  
    <file path="catalog/model/extension/shipping/apiship.php">
		<operation error="skip">
			<search><![CDATA[if (typeof simplecheckout_reload !== "undefined") {]]></search>
			<add position="before"><![CDATA[  
			if (typeof uniCheckoutUpdate !== "undefined") uniCheckoutUpdate();
			]]></add>
		</operation>
	</file>

</modification>