<modification>

	<name>ApiShip prostore mod</name>
	<code>ApiShip prostore mod</code>
	<version>1.1 (OpenCart 3.x)</version>
	<author>ApiShip</author>
	<link>https://apiship.ru</link>

  
    <file path="catalog/model/extension/shipping/apiship.php">
		<operation error="skip">
			<search><![CDATA[<input type="radio" checked="checked" value="\${data.code}" name="shipping_method">\${apishipImage}\${data.title} - \${data.text} \${apishipLink}]]></search>
			<add position="replace"><![CDATA[  

				<!-- prostore mod start -->
					    <input class="ui-check__input" type="radio" name="shipping_method" value="\${data.code}" checked1="checked1">
					    <span class="ui-check__btn">
					      <span class="ui-check__btn-radio"></span>
					      <span class="ui-check__btn-desc">
					        <div class="row">
					          <div class="col-md-9">
					            \${apishipImage}
					            <span class="ui-check__btn-title"></span>
					            <span class="ui-check__btn-text">\${data.title}</span>
					          </div>
					          <div class="col-md-3">
					            <span class="ui-check__btn-price">\${data.text}</span>
					            \${apishipLink}
					          </div>
					        </div>
					      </span>
					    </span>

				<!-- prostore mod end -->

			]]></add>
		</operation>
	</file>
    
  <file path="catalog/view/theme/prostore/template/checkout/shipping_method.twig">
		<operation error="skip">
			<search><![CDATA[<div class="col-md-9"><span class="ui-check__btn-title">{{ shipping_method.title }}</span><span class="ui-check__btn-text">{{ quote.title }}</span></div><div class="col-md-3"><span class="ui-check__btn-price">{{ quote.text }}</span></div>]]></search>
			<add position="replace"><![CDATA[  
							<div class="col-md-9">

							<span class="ui-check__btn-title">{{ shipping_method.title }}</span>
            <!-- apiship start -->
          {% if quote.apiship_image is not empty %}
          <img src="{{ quote.apiship_image }}" {{ quote.apiship_image_class is not empty ? 'class="' ~ quote.apiship_image_class ~ '"' : '' }}>
          {% endif %}
            <!-- apiship end -->

							<span class="ui-check__btn-text">{{ quote.title }}</span>
							</div>
							<div class="col-md-3">
							<span class="ui-check__btn-price">{{ quote.text }}</span>
            <!-- apiship start -->
          {% if quote.apiship_link is not empty %}
          <a class="{{ quote.apiship_link_class }}" href="#" onclick="{{ quote.apiship_link }}">{{ quote.apiship_link_text }} <div id='apiship_loading_{{quote['code']}}' class='apiship_loading' style='visibility:hidden;'></div> </a>
	      {% endif %}
            <!-- apiship end -->

							</div>

   
          ]]></add>
		</operation>
	</file>

    <file path="catalog/view/theme/prostore/template/checkout/simplecheckout_shipping.twig">
		<operation error="skip">
			<search><![CDATA[<div class="col-md-9"><span class="ui-check__btn-title">{{ quote['title'] is not empty ? quote['title'] : '' }}</span>]]></search>
			<add position="after"><![CDATA[  

            <!-- apiship start -->
          {% if quote.apiship_image is not empty %}
          <img src="{{ quote.apiship_image }}" {{ quote.apiship_image_class is not empty ? 'class="' ~ quote.apiship_image_class ~ '"' : '' }}>
          {% endif %}
            <!-- apiship end -->

          ]]></add>
		</operation>
      	<operation error="skip">
			<search><![CDATA[</div><div class="col-md-3"><span class="ui-check__btn-price">{{ quote['text'] is not empty ? ' ' ~ quote['text'] : '' }}</span></div>]]></search>
			<add position="replace"><![CDATA[  

</div><div class="col-md-3"><span class="ui-check__btn-price">{{ quote['text'] is not empty ? ' ' ~ quote['text'] : '' }}</span>

            <!-- apiship start -->
          {% if quote.apiship_link is not empty %}
          <a class="{{ quote.apiship_link_class }}" href="#" onclick="{{ quote.apiship_link }}">{{ quote.apiship_link_text }} <div id='apiship_loading_{{quote['code']}}' class='apiship_loading' style='visibility:hidden;'></div> </a>
	      {% endif %}
            <!-- apiship end -->

</div>

          ]]></add>
		</operation>
	</file>

  
</modification>